{"cameraMode":{"drawMode":0,"name":"Shaded","section":"Shading Mode"},"sceneLighting":true,"audioPlay":false,"sceneViewState":{"m_AlwaysRefresh":false,"showFog":true,"showSkybox":true,"showFlares":true,"showImageEffects":true,"showParticleSystems":true,"showVisualEffectGraphs":true,"m_FxEnabled":true},"in2DMode":false,"pivot":{"x":0.7643179297447205,"y":-3.2978296279907228,"z":-2.264012575149536},"rotation":{"x":0.0004564179398585111,"y":-0.8776975274085999,"z":0.47927138209342959,"w":0.000774799264036119},"size":4.508078098297119,"orthographic":false}