{"cameraMode":{"drawMode":0,"name":"Shaded","section":"Shading Mode"},"sceneLighting":true,"audioPlay":false,"sceneViewState":{"m_AlwaysRefresh":false,"showFog":true,"showSkybox":true,"showFlares":true,"showImageEffects":true,"showParticleSystems":true,"showVisualEffectGraphs":true,"m_FxEnabled":true},"in2DMode":false,"pivot":{"x":-0.05688636004924774,"y":-3.2446141242980959,"z":-2.3454229831695558},"rotation":{"x":0.0004564179398585111,"y":-0.8776975274085999,"z":0.47927138209342959,"w":0.000774799264036119},"size":3.950413942337036,"orthographic":false}