{"cameraMode":{"drawMode":0,"name":"Shaded","section":"Shading Mode"},"sceneLighting":true,"audioPlay":false,"sceneViewState":{"m_AlwaysRefresh":false,"showFog":true,"showSkybox":true,"showFlares":true,"showImageEffects":true,"showParticleSystems":true,"showVisualEffectGraphs":true,"m_FxEnabled":true},"in2DMode":false,"pivot":{"x":1.192673683166504,"y":0.2650638818740845,"z":1.9808447360992432},"rotation":{"x":-0.1626613587141037,"y":-0.45731666684150698,"z":0.08549453318119049,"w":-0.8701163530349731},"size":2.7489125728607179,"orthographic":false}