{"cameraMode":{"drawMode":0,"name":"Shaded","section":"Shading Mode"},"sceneLighting":true,"audioPlay":false,"sceneViewState":{"m_AlwaysRefresh":false,"showFog":true,"showSkybox":true,"showFlares":true,"showImageEffects":true,"showParticleSystems":true,"showVisualEffectGraphs":true,"m_FxEnabled":true},"in2DMode":false,"pivot":{"x":-0.24996834993362428,"y":-0.7245627641677856,"z":0.004296004772186279},"rotation":{"x":-0.01783638633787632,"y":-0.9203609228134155,"z":0.38837382197380068,"w":-0.042268019169569018},"size":1.2866489887237549,"orthographic":false}